# generated_utc	2026-08-14T14:49:09+00:00
# script	probe_v4.py
# python	3.11.15
# torch	2.9.0+cu128
# transformers	4.57.1
# device	cuda
# gpu	NVIDIA GeForce RTX 5060 Laptop GPU
# revision	607a30d783dfa663caf39e06633721c8d4cfcd7e
# layer	5
# tf32_matmul	False
# tf32_cudnn	False
# theta_sha256	113687a222f8cf98039222c27b39aaf716493e5e8c1db94ea4e6544e0814088c
# n_rows	88
string	bos	rho	n_tok	dest	delta	t_star	runner_up	peak_val	tokens	token_ids	peak_20	peakpos_20	peak_1430	peakpos_1430	peak_1888	peakpos_1888	peak_2256	peakpos_2256	prefix	prefix_dest	prefix_delta	prefix_agrees	block	carrier	incumbent	incumbent_val	pred_delta	signed_delta	pred_err	pred_sign_ok
at Mackinaw	1	R	4	20	0.322105	3	1430	3.081348	["at", " Mack", "in", "aw"]	[265, 16640, 259, 707]	3.081348	3	2.759243	3	2.295273	2	2.36087	0	at Mackin	20	0.322105	1	carriers	at	2256	2.360871	0.720477	0.322105	-0.398372	1
at	1	R	1	2256	0.110072	0	1790	2.360871	["at"]	[265]	-0.00705	0	-0.122657	0	2.128478	1	2.360871	0					carrier_alone	at						
the Mackinaw	1	R	4	20	0.420925	3	1430	3.327903	["the", " Mack", "in", "aw"]	[1169, 16640, 259, 707]	3.327903	3	2.906978	3	2.623778	1	2.36087	0	the Mackin	20	0.420925	1	carriers	the	1790	2.743752	0.584151	0.420925	-0.163226	1
the	1	R	1	1790	0.119972	1	1888	2.743752	["the"]	[1169]	-0.00705	0	-0.122657	0	2.623779	1	2.360871	0					carrier_alone	the						
on Mackinaw	1	R	4	20	0.314855	3	1430	3.184914	["on", " Mack", "in", "aw"]	[261, 16640, 259, 707]	3.184914	3	2.870058	3	2.759684	1	2.36087	0	on Mackin	20	0.314855	1	carriers	on	1888	2.759687	0.425227	0.314855	-0.110372	1
on	1	R	1	1888	0.132633	1	1790	2.759687	["on"]	[261]	-0.00705	0	-0.122657	0	2.759687	1	2.360871	0					carrier_alone	on						
near Mackinaw	1	R	4	20	0.176794	3	1435	3.21908	["near", " Mack", "in", "aw"]	[40093, 16640, 259, 707]	3.21908	3	2.885636	3	2.814234	1	2.36087	0	near Mackin	20	0.176794	1	carriers	near	1435	3.042288	0.176792	0.176794	2e-06	1
near	1	R	1	1435	0.228054	1	1888	3.042288	["near"]	[40093]	-0.00705	0	-0.066826	1	2.814235	1	2.360871	0					carrier_alone	near						
was Mackinaw	1	R	4	20	0.448775	3	1430	3.130962	["was", " Mack", "in", "aw"]	[9776, 16640, 259, 707]	3.130962	3	2.682187	3	2.417966	2	2.36087	0	was Mackin	20	0.448775	1	carriers	was	2256	2.360871	0.770091	0.448775	-0.321316	1
was	1	R	1	2256	0.259378	0	1888	2.360871	["was"]	[9776]	-0.00705	0	-0.122657	0	2.101493	1	2.360871	0					carrier_alone	was						
from Mackinaw	1	R	4	20	0.283354	3	1430	3.153087	["from", " Mack", "in", "aw"]	[6738, 16640, 259, 707]	3.153087	3	2.869733	3	2.659812	2	2.36087	0	from Mackin	20	0.283354	1	carriers	from	2256	2.360871	0.792216	0.283354	-0.508862	1
from	1	R	1	2256	0.173159	0	588	2.360871	["from"]	[6738]	-0.00705	0	-0.122657	0	2.026363	1	2.360871	0					carrier_alone	from						
of Mackinaw	1	R	4	20	0.237423	3	1430	3.141515	["of", " Mack", "in", "aw"]	[1659, 16640, 259, 707]	3.141515	3	2.904092	3	2.532597	2	2.36087	0	of Mackin	20	0.237423	1	carriers	of	2256	2.360871	0.780644	0.237423	-0.543221	1
of	1	R	1	2256	0.092836	0	1790	2.360871	["of"]	[1659]	-0.00705	0	-0.122657	0	2.199231	1	2.360871	0					carrier_alone	of						
to Mackinaw	1	R	4	20	0.311138	3	1888	3.25851	["to", " Mack", "in", "aw"]	[1462, 16640, 259, 707]	3.25851	3	2.870695	3	2.947372	2	2.36087	0	to Mackin	20	0.311138	1	carriers	to	1790	2.627264	0.631246	0.311138	-0.320108	1
to	1	R	1	1790	0.236006	1	1888	2.627264	["to"]	[1462]	-0.00705	0	-0.122657	0	2.391258	1	2.360871	0					carrier_alone	to						
The Mackinaw	1	R	4	20	0.066184	3	1888	3.321013	["The", " Mack", "in", "aw"]	[464, 16640, 259, 707]	3.321013	3	2.851743	3	3.254829	1	2.36087	0	The Mackin	20	0.066184	1	carriers	The	1888	3.25483	0.066183	0.066184	1e-06	1
The	1	R	1	1888	0.629418	1	1790	3.25483	["The"]	[464]	-0.00705	0	-0.122657	0	3.25483	1	2.360871	0					carrier_alone	The						
in Mackinaw	1	R	4	1888	0.004593	1	20	2.852341	["in", " Mack", "in", "aw"]	[259, 16640, 259, 707]	2.847747	3	2.723706	3	2.852341	1	2.36087	0	in	1888	0.021242	1	carriers	in	1888	2.852341	-0.004594	-0.004593	1e-06	1
in	1	R	1	1888	0.021242	1	1790	2.852341	["in"]	[259]	0.065776	1	-0.097901	1	2.852341	1	2.360871	0					carrier_alone	in						
xq Mackinaw	1	R	5	1888	0.108222	1	20	3.014911	["x", "q", " Mack", "in", "aw"]	[87, 80, 16640, 259, 707]	2.906689	4	2.827074	4	3.014911	1	2.36087	0	x	1888	0.654038	1	carriers	xq	1888	3.014909	-0.10822	-0.108222	-2e-06	1
xq	1	R	2	1888	0.654038	1	2256	3.014909	["x", "q"]	[87, 80]	-0.00705	0	-0.122657	0	3.014909	1	2.360871	0					carrier_alone	xq						
a Mackinaw	1	R	4	20	0.207658	3	1430	3.198596	["a", " Mack", "in", "aw"]	[64, 16640, 259, 707]	3.198596	3	2.990937	3	2.674601	1	2.36087	0	a Mackin	20	0.207658	1	carriers	a	1888	2.6746	0.523996	0.207658	-0.316338	1
a	1	R	1	1888	0.313729	1	2256	2.6746	["a"]	[64]	-0.00705	0	-0.122657	0	2.6746	1	2.360871	0					carrier_alone	a						
an Mackinaw	1	R	4	20	0.207915	3	1430	3.076047	["an", " Mack", "in", "aw"]	[272, 16640, 259, 707]	3.076047	3	2.868132	3	2.518909	1	2.36087	0	an Mackin	20	0.207915	1	carriers	an	1888	2.518906	0.557141	0.207915	-0.349226	1
an	1	R	1	1888	0.158035	1	2256	2.518906	["an"]	[272]	-0.00705	0	-0.122657	0	2.518906	1	2.360871	0					carrier_alone	an						
by Mackinaw	1	R	4	1430	0.165464	3	20	3.027962	["by", " Mack", "in", "aw"]	[1525, 16640, 259, 707]	2.862498	3	3.027962	3	2.54509	1	2.36087	0	by Mackin	1430	0.165464	1	carriers	by	1888	2.54509	0.317408	-0.165464	-0.482872	0
by	1	R	1	1888	0.184219	1	2256	2.54509	["by"]	[1525]	-0.00705	0	-0.122657	0	2.54509	1	2.360871	0					carrier_alone	by						
for Mackinaw	1	R	4	20	0.358978	3	1430	3.20015	["for", " Mack", "in", "aw"]	[1640, 16640, 259, 707]	3.20015	3	2.841173	3	2.693015	2	2.36087	0	for Mackin	20	0.358978	1	carriers	for	1790	2.644286	0.555864	0.358978	-0.196886	1
for	1	R	1	1790	0.283415	1	2256	2.644286	["for"]	[1640]	-0.00705	0	-0.117766	1	2.283251	1	2.360871	0					carrier_alone	for						
with Mackinaw	1	R	4	20	0.312816	3	1430	3.131236	["with", " Mack", "in", "aw"]	[4480, 16640, 259, 707]	3.131236	3	2.81842	3	2.675416	1	2.36087	0	with Mackin	20	0.312816	1	carriers	with	1888	2.675414	0.455822	0.312816	-0.143006	1
with	1	R	1	1888	0.314543	1	2256	2.675414	["with"]	[4480]	-0.00705	0	-0.029245	1	2.675414	1	2.360871	0					carrier_alone	with						
into Mackinaw	1	R	4	20	0.449737	3	1430	3.254885	["into", " Mack", "in", "aw"]	[20424, 16640, 259, 707]	3.254885	3	2.805148	3	2.345483	2	2.36087	0	into Mackin	20	0.449737	1	carriers	into	1790	2.570504	0.684381	0.449737	-0.234644	1
into	1	R	1	1790	0.209633	1	2256	2.570504	["into"]	[20424]	-0.00705	0	-0.089187	1	2.037827	1	2.360871	0					carrier_alone	into						
upon Mackinaw	1	R	4	20	0.201931	3	1430	3.019979	["upon", " Mack", "in", "aw"]	[27287, 16640, 259, 707]	3.019979	3	2.818049	3	2.456438	2	2.36087	0	upon Mackin	20	0.201931	1	carriers	upon	1888	2.414281	0.605698	0.201931	-0.403767	1
upon	1	R	1	1888	0.05341	1	2256	2.414281	["upon"]	[27287]	-0.00705	0	-0.122657	0	2.414281	1	2.360871	0					carrier_alone	upon						
beyond Mackinaw	1	R	5	20	0.466247	4	1430	3.31108	["be", "yond", " Mack", "in", "aw"]	[1350, 3243, 16640, 259, 707]	3.31108	4	2.844833	4	2.609819	3	2.36087	0	beyond Mackin	20	0.466248	1	carriers	beyond	1790	2.782547	0.528533	0.466247	-0.062286	1
beyond	1	R	2	1790	0.206193	1	1888	2.782547	["be", "yond"]	[1350, 3243]	-0.00705	0	-0.040315	2	2.576354	1	2.360871	0					carrier_alone	beyond						
island Mackinaw	1	R	5	20	0.506592	4	1430	3.112056	["is", "land", " Mack", "in", "aw"]	[271, 1044, 16640, 259, 707]	3.112056	4	2.605464	4	2.464652	1	2.36087	0	island Mackin	20	0.506592	1	carriers	island	1888	2.464648	0.647408	0.506592	-0.140816	1
island	1	R	2	1888	0.103777	1	2256	2.464648	["is", "land"]	[271, 1044]	-0.00705	0	0.017004	2	2.464648	1	2.360871	0					carrier_alone	island						
fort Mackinaw	1	R	4	1888	0.28803	1	20	3.453658	["fort", " Mack", "in", "aw"]	[3319, 16640, 259, 707]	3.165628	3	2.730696	3	3.453658	1	2.36087	0	fort	1888	0.628456	1	carriers	fort	1888	3.453658	-0.28803	-0.28803	0.0	1
fort	1	R	1	1888	0.628456	1	1790	3.453658	["fort"]	[3319]	-0.00705	0	-0.110091	1	3.453658	1	2.360871	0					carrier_alone	fort						
lake Mackinaw	1	R	4	20	0.183836	3	1888	3.16701	["lake", " Mack", "in", "aw"]	[27180, 16640, 259, 707]	3.16701	3	2.643855	3	2.983174	1	2.36087	0	lake Mackin	20	0.183836	1	carriers	lake	1888	2.983174	0.183836	0.183836	0.0	1
lake	1	R	1	1888	0.138808	1	1790	2.983174	["lake"]	[27180]	-0.00705	0	-0.070692	1	2.983174	1	2.360871	0					carrier_alone	lake						
north Mackinaw	1	R	4	20	0.394161	3	1430	3.517594	["north", " Mack", "in", "aw"]	[43588, 16640, 259, 707]	3.517594	3	3.123433	3	2.747657	1	2.36087	0	north Mackin	20	0.394161	1	carriers	north	1888	2.747655	0.769939	0.394161	-0.375778	1
north	1	R	1	1888	0.386784	1	2256	2.747655	["north"]	[43588]	-0.00705	0	-0.106109	1	2.747655	1	2.360871	0					carrier_alone	north						
old Mackinaw	1	R	4	20	0.1863	3	1430	3.139143	["old", " Mack", "in", "aw"]	[727, 16640, 259, 707]	3.139143	3	2.952844	3	2.853751	1	2.36087	0	old Mackin	20	0.1863	1	carriers	old	1888	2.853751	0.285392	0.1863	-0.099092	1
old	1	R	1	1888	0.49288	1	2256	2.853751	["old"]	[727]	-0.00705	0	-0.091536	1	2.853751	1	2.360871	0					carrier_alone	old						
great Mackinaw	1	R	4	20	0.405946	3	1888	3.284483	["great", " Mack", "in", "aw"]	[18223, 16640, 259, 707]	3.284483	3	2.868927	3	2.878538	1	2.36087	0	great Mackin	20	0.405946	1	carriers	great	1888	2.878538	0.405945	0.405946	1e-06	1
great	1	R	1	1888	0.517667	1	2256	2.878538	["great"]	[18223]	-0.00705	0	-0.101313	1	2.878538	1	2.360871	0					carrier_alone	great						
we Mackinaw	1	R	4	20	0.30717	3	1790	3.126079	["we", " Mack", "in", "aw"]	[732, 16640, 259, 707]	3.126079	3	2.569201	3	2.634731	2	2.36087	0	we Mackin	20	0.30717	1	carriers	we	1790	2.818908	0.307171	0.30717	-1e-06	1
we	1	R	1	1790	0.19991	1	1888	2.818908	["we"]	[732]	-0.00705	0	-0.085557	1	2.618998	1	2.360871	0					carrier_alone	we						
he Mackinaw	1	R	4	20	0.152556	3	1790	3.042406	["he", " Mack", "in", "aw"]	[258, 16640, 259, 707]	3.042406	3	2.530853	3	2.53288	2	2.36087	0	he Mackin	20	0.152556	1	carriers	he	1790	2.889851	0.152555	0.152556	1e-06	1
he	1	R	1	1790	0.374582	1	1888	2.889851	["he"]	[258]	-0.00705	0	-0.122657	0	2.515269	1	2.360871	0					carrier_alone	he						
they Mackinaw	1	R	4	20	0.42821	3	1430	3.059292	["they", " Mack", "in", "aw"]	[9930, 16640, 259, 707]	3.059292	3	2.631082	3	2.476814	2	2.36087	0	they Mackin	20	0.42821	1	carriers	they	2256	2.360871	0.698421	0.42821	-0.270211	1
they	1	R	1	2256	0.053376	0	1790	2.360871	["they"]	[9930]	-0.00705	0	-0.082132	1	2.214761	1	2.360871	0					carrier_alone	they						
sailed Mackinaw	1	R	5	20	0.359278	4	945	3.23545	["s", "ailed", " Mack", "in", "aw"]	[82, 6255, 16640, 259, 707]	3.23545	4	2.706041	4	2.579563	1	2.36087	0	sailed Mackin	20	0.359278	1	carriers	sailed	945	2.876171	0.359279	0.359278	-1e-06	1
sailed	1	R	2	945	0.00386	1	1790	2.876171	["s", "ailed"]	[82, 6255]	-0.00705	0	1.328729	2	2.579564	1	2.360871	0					carrier_alone	sailed						
beside Mackinaw	1	R	5	20	0.364989	4	1888	3.298784	["bes", "ide", " Mack", "in", "aw"]	[12636, 485, 16640, 259, 707]	3.298784	4	2.666737	4	2.933795	1	2.36087	0	beside Mackin	20	0.36499	1	carriers	beside	1888	2.933792	0.364992	0.364989	-3e-06	1
beside	1	R	2	1888	0.027946	1	1790	2.933792	["bes", "ide"]	[12636, 485]	-0.00705	0	0.539528	2	2.933792	1	2.360871	0					carrier_alone	beside						
past Mackinaw	1	R	4	20	0.40323	3	1430	3.295039	["past", " Mack", "in", "aw"]	[30119, 16640, 259, 707]	3.295039	3	2.891809	3	2.88693	1	2.36087	0	past Mackin	20	0.40323	1	carriers	past	1888	2.886934	0.408105	0.40323	-0.004875	1
past	1	R	1	1888	0.526063	1	2256	2.886934	["past"]	[30119]	-0.00705	0	-0.122657	0	2.886934	1	2.360871	0					carrier_alone	past						
toward Mackinaw	1	R	5	20	0.228716	4	1430	3.176432	["t", "oward", " Mack", "in", "aw"]	[83, 46138, 16640, 259, 707]	3.176432	4	2.947717	4	2.862757	1	2.36087	0	toward Mackin	20	0.228719	1	carriers	toward	1790	2.915317	0.261115	0.228716	-0.032399	1
toward	1	R	2	1790	0.052557	1	1888	2.915317	["t", "oward"]	[83, 46138]	-0.00705	0	-0.027894	2	2.862759	1	2.360871	0					carrier_alone	toward						
under Mackinaw	1	R	4	20	0.287992	3	1430	3.22957	["under", " Mack", "in", "aw"]	[4625, 16640, 259, 707]	3.22957	3	2.941578	3	2.703155	2	2.36087	0	under Mackin	20	0.287992	1	carriers	under	1790	2.722909	0.506661	0.287992	-0.218669	1
under	1	R	1	1790	0.048088	1	1888	2.722909	["under"]	[4625]	-0.00705	0	-0.101975	1	2.674821	1	2.360871	0					carrier_alone	under						
aboard Mackinaw	1	R	5	20	0.202148	4	1430	3.111976	["ab", "oard", " Mack", "in", "aw"]	[397, 11953, 16640, 259, 707]	3.111976	4	2.909828	4	2.731459	1	2.36087	0	aboard Mackin	20	0.202146	1	carriers	aboard	1790	2.787759	0.324217	0.202148	-0.122069	1
aboard	1	R	2	1790	0.0563	1	1888	2.787759	["ab", "oard"]	[397, 11953]	-0.003069	1	-0.054899	2	2.731458	1	2.360871	0					carrier_alone	aboard						
left Mackinaw	1	R	4	20	0.361177	3	1430	3.30321	["left", " Mack", "in", "aw"]	[9464, 16640, 259, 707]	3.30321	3	2.942033	3	2.820196	2	2.36087	0	left Mackin	20	0.361177	1	carriers	left	1888	2.772761	0.530449	0.361177	-0.169272	1
left	1	R	1	1888	0.309091	1	2052	2.772761	["left"]	[9464]	-0.00705	0	-0.009245	1	2.772761	1	2.360871	0					carrier_alone	left						
Michigan Mackinaw	1	R	4	20	0.076238	3	1888	3.273844	["Michigan", " Mack", "in", "aw"]	[40610, 16640, 259, 707]	3.273844	3	2.887732	3	3.197606	1	2.36087	0	Michigan Mackin	20	0.076238	1	carriers	Michigan	1888	3.19761	0.076234	0.076238	4e-06	1
Michigan	1	R	1	1888	0.836739	1	2256	3.19761	["Michigan"]	[40610]	-0.00705	0	-0.111645	1	3.19761	1	2.360871	0					carrier_alone	Michigan						
Boston Mackinaw	1	R	4	1888	0.381785	1	20	3.629742	["Boston", " Mack", "in", "aw"]	[31710, 16640, 259, 707]	3.247957	3	2.799921	3	3.629742	1	2.36087	0	Boston	1888	1.268872	1	carriers	Boston	1888	3.629743	-0.381786	-0.381785	1e-06	1
Boston	1	R	1	1888	1.268872	1	2256	3.629743	["Boston"]	[31710]	-0.00705	0	-0.09693	1	3.629743	1	2.360871	0					carrier_alone	Boston						
Iceland Mackinaw	1	R	5	1960	0.02524	2	20	3.383133	["Ice", "land", " Mack", "in", "aw"]	[23709, 1044, 16640, 259, 707]	3.357893	4	2.574421	4	3.332004	1	2.36087	0	Iceland	1960	0.051129	1	carriers	Iceland	1960	3.383134	-0.025241	-0.02524	1e-06	1
Iceland	1	R	2	1960	0.051129	2	1888	3.383134	["Ice", "land"]	[23709, 1044]	-0.00705	0	-0.122657	0	3.332006	1	2.360871	0					carrier_alone	Iceland						
whale Mackinaw	1	R	5	20	0.42266	4	1430	3.033663	["wh", "ale", " Mack", "in", "aw"]	[1929, 1000, 16640, 259, 707]	3.033663	4	2.611002	4	2.591117	1	2.36087	0	whale Mackin	20	0.422661	1	carriers	whale	1790	2.59644	0.437223	0.42266	-0.014563	1
whale	1	R	2	1790	0.005324	1	1888	2.59644	["wh", "ale"]	[1929, 1000]	-0.00705	0	-0.102662	1	2.591115	1	2.360871	0					carrier_alone	whale						
ship Mackinaw	1	R	4	1888	0.13095	1	20	3.211174	["ship", " Mack", "in", "aw"]	[6720, 16640, 259, 707]	3.080224	3	2.620921	3	3.211174	1	2.36087	0	ship	1888	0.690308	1	carriers	ship	1888	3.211175	-0.130951	-0.13095	1e-06	1
ship	1	R	1	1888	0.690308	1	1790	3.211175	["ship"]	[6720]	-0.00705	0	-0.048708	1	3.211175	1	2.360871	0					carrier_alone	ship						
! Mackinaw	1	R	4	20	0.351875	3	1430	3.162257	["!", " Mack", "in", "aw"]	[0, 16640, 259, 707]	3.162257	3	2.810382	3	2.729156	2	2.36087	0	! Mackin	20	0.351875	1	carriers	!	1888	2.454065	0.708192	0.351875	-0.356317	1
!	1	R	1	1888	0.093194	1	2256	2.454065	["!"]	[0]	-0.00705	0	-0.091028	1	2.454065	1	2.360871	0					carrier_alone	!						
? Mackinaw	1	R	4	20	0.209209	3	1888	3.086996	["?", " Mack", "in", "aw"]	[30, 16640, 259, 707]	3.086996	3	2.847377	3	2.877787	2	2.36087	0	? Mackin	20	0.209209	1	carriers	?	1888	2.425695	0.661301	0.209209	-0.452092	1
?	1	R	1	1888	0.064824	1	2256	2.425695	["?"]	[30]	-0.00705	0	-0.122657	0	2.425695	1	2.360871	0					carrier_alone	?						
- Mackinaw	1	R	4	20	0.385818	3	1430	3.32868	["-", " Mack", "in", "aw"]	[12, 16640, 259, 707]	3.32868	3	2.942861	3	2.500597	2	2.36087	0	- Mackin	20	0.385818	1	carriers	-	2256	2.360871	0.967809	0.385818	-0.581991	1
-	1	R	1	2256	0.00105	0	1888	2.360871	["-"]	[12]	-0.00705	0	-0.088918	1	2.359821	1	2.360871	0					carrier_alone	-						
1 Mackinaw	1	R	4	20	0.139835	3	1430	3.090271	["1", " Mack", "in", "aw"]	[16, 16640, 259, 707]	3.090271	3	2.950436	3	2.781237	2	2.36087	0	1 Mackin	20	0.139835	1	carriers	1	1888	2.683739	0.406532	0.139835	-0.266697	1
1	1	R	1	1888	0.322868	1	2256	2.683739	["1"]	[16]	-0.00705	0	-0.122657	0	2.683739	1	2.360871	0					carrier_alone	1						
